{
    "rmse": 0.6985911523308714,
    "mae": 0.5590548688059019,
    "r2": 0.25321312561494613
}